
INSERT INTO `t_purchase` (`purchase_id`, `purchase_created_at`, `purchase_created_by`, `purchase_description`, `purchase_total`, `purchase_status`, `purchase_date`, `purchase_payment_amount`, `purchase_money_changes`) VALUES
('20210429171034_62', '2021-04-29 17:10:34', '25', 'Beras', 840000.00, 'post', '2021-04-05', 0, 0),
('20210429171348_46', '2021-04-29 17:13:48', '25', 'Gula', 348000.00, 'post', '2021-04-07', 0, 0),
('20210429171508_186', '2021-04-29 17:15:08', '25', 'Mie sedap goreng karton', 372000.00, 'post', '2021-04-05', 0, 0),
('20210430062542_115', '2021-04-30 06:25:42', '25', 'Minyak Sunco Karton', 790000.00, 'post', '2021-04-07', 0, 0),
('20210430062741_189', '2021-04-30 06:27:41', '25', 'Minyak Sunco Karton', 160000.00, 'post', '2021-04-12', 0, 0),
('20210430062903_35', '2021-04-30 06:29:03', '25', 'Beras 3 Kg', 840000.00, 'post', '2021-04-21', 0, 0),
('20210430063017_152', '2021-04-30 06:30:17', '25', 'Minyak Sunco Karton', 800000.00, 'post', '2021-04-27', 0, 0),
('20210430063155_83', '2021-04-30 06:31:55', '25', 'Minyak Sunco Karton', 161000.00, 'post', '2021-04-27', 0, 0),
('20210430063448_29', '2021-04-30 06:34:48', '25', 'Gula 1 Kg', 69000.00, 'post', '2021-04-27', 0, 0),
('20210430063558_168', '2021-04-30 06:35:58', '25', 'Mie Sedap Goreng', 96000.00, 'post', '2021-04-27', 0, 0),
('20210430063657_25', '2021-04-30 06:36:57', '25', 'Gula 1 Kg Pak Aris', 585000.00, 'post', '2021-04-27', 0, 0),
('20210430084541_108', '2021-04-30 08:45:41', '25', 'Minyak Sunco ', 800000.00, 'post', '2021-04-29', 0, 0);


INSERT INTO `t_purchasedetail` (`purchasedetail_id`, `purchasedetail_purchase_id`, `purchasedetail_product_id`, `purchasedetail_count`, `purchasedetail_price`, `purchasedetail_subtotal`, `purchasedetail_description`) VALUES
('20210429171108_180', '20210429171034_62', '1', 30.00, 28000.00, 840000.00, ''),
('20210429171422_182', '20210429171348_46', '3', 30.00, 11600.00, 348000.00, ''),
('20210430062352_84', '20210429171508_186', '4', 4.00, 93000.00, 372000.00, ''),
('20210430062703_190', '20210430062542_115', '2', 5.00, 158000.00, 790000.00, ''),
('20210430062813_100', '20210430062741_189', '2', 1.00, 160000.00, 160000.00, ''),
('20210430062938_15', '20210430062903_35', '1', 30.00, 28000.00, 840000.00, ''),
('20210430063117_27', '20210430063017_152', '2', 5.00, 160000.00, 800000.00, ''),
('20210430063249_171', '20210430063155_83', '2', 1.00, 161000.00, 161000.00, ''),
('20210430063524_85', '20210430063448_29', '3', 6.00, 11500.00, 69000.00, ''),
('20210430063625_138', '20210430063558_168', '4', 40.00, 2400.00, 96000.00, ''),
('20210430063727_181', '20210430063657_25', '3', 50.00, 11700.00, 585000.00, ''),
('20210430084622_195', '20210430084541_108', '2', 5.00, 160000.00, 800000.00, '');



INSERT INTO `t_sale` (`sale_id`, `sale_description`, `sale_created_at`, `sale_created_by`, `sale_total`, `sale_status`, `sale_date`, `sale_payment_amount`, `sale_money_changes`) VALUES
('20210429150243_108', 'Bu retno', '2021-04-29 15:02:43', '25', 850000, 'post', '2021-04-09', 0, 0),
('20210429150930_134', 'Pak Jamal', '2021-04-29 15:09:30', '25', 85000, 'post', '2021-04-09', 0, 0),
('20210429151137_68', 'Pak Adi', '2021-04-29 15:11:37', '25', 85000, 'post', '2021-04-09', 0, 0),
('20210429151917_175', 'Pak Nasir', '2021-04-29 15:19:17', '25', 85000, 'post', '2021-04-29', 0, 0),
('20210429152120_45', 'Bu Heni', '2021-04-29 15:21:20', '25', 85000, 'post', '2021-04-09', 0, 0),
('20210429152223_140', 'Bambang TB', '2021-04-29 15:22:23', '25', 85000, 'post', '2021-04-09', 0, 0),
('20210429152425_199', 'Bangkalan Barat', '2021-04-29 15:24:25', '25', 425000, 'post', '2021-04-17', 0, 0),
('20210429152648_108', 'Ashop', '2021-04-29 15:26:48', '25', 170000, 'post', '2021-04-22', 0, 0),
('20210429152740_9', 'Pak Ratman', '2021-04-29 15:27:40', '25', 170000, 'post', '2021-04-27', 0, 0),
('20210429152855_137', 'Bu Purnomo', '2021-04-29 15:28:55', '25', 85000, 'post', '2021-04-23', 0, 0),
('20210429153034_110', 'Saiful', '2021-04-29 15:30:34', '25', 82500, 'post', '2021-04-17', 0, 0),
('20210429153121_27', 'Wildan', '2021-04-29 15:31:21', '25', 9000, 'post', '2021-04-27', 0, 0),
('20210429153205_169', 'Blega', '2021-04-29 15:32:05', '25', 680000, 'post', '2021-04-27', 0, 0),
('20210430082434_150', 'Beras 3 kg', '2021-04-30 08:24:34', '25', 87000, 'post', '2021-04-27', 0, 0),
('20210430082623_68', 'Gula 1 Kg', '2021-04-30 08:26:23', '25', 174000, 'post', '2021-04-28', 0, 0),
('20210430083412_177', 'Zakat Bu rifa\'i', '2021-04-30 08:34:12', '25', 120000, 'post', '2021-04-17', 0, 0);



INSERT INTO `t_saledetail` (`saledetail_id`, `saledetail_product_id`, `saledetail_count`, `saledetail_price`, `saledetail_subtotal`, `saledetail_discount`, `saledetail_description`, `saledetail_sale_id`, `saledetail_created_at`, `saledetail_created_by`) VALUES
('20210429150314_25', '1', '10', 30000.00, 300000, NULL, '', 0x32303231303432393135303234335f313038, NULL, NULL),
('20210429150327_54', '2', '10', 27500.00, 275000, NULL, '', 0x32303231303432393135303234335f313038, NULL, NULL),
('20210429150344_66', '3', '10', 12500.00, 125000, NULL, '', 0x32303231303432393135303234335f313038, NULL, NULL),
('20210429150845_133', '4', '10', 3000.00, 30000, NULL, '', 0x32303231303432393135303234335f313038, NULL, NULL),
('20210429150901_30', '4', '40', 3000.00, 120000, NULL, '', 0x32303231303432393135303234335f313038, NULL, NULL),
('20210429151012_117', '1', '1', 30000.00, 30000, NULL, '', 0x32303231303432393135303933305f313334, NULL, NULL),
('20210429151022_28', '2', '1', 27500.00, 27500, NULL, '', 0x32303231303432393135303933305f313334, NULL, NULL),
('20210429151027_70', '3', '1', 12500.00, 12500, NULL, '', 0x32303231303432393135303933305f313334, NULL, NULL),
('20210429151035_172', '4', '5', 3000.00, 15000, NULL, '', 0x32303231303432393135303933305f313334, NULL, NULL),
('20210429151159_23', '1', '1', 30000.00, 30000, NULL, '', 0x32303231303432393135313133375f3638, NULL, NULL),
('20210429151204_92', '2', '1', 27500.00, 27500, NULL, '', 0x32303231303432393135313133375f3638, NULL, NULL),
('20210429151210_45', '3', '1', 12500.00, 12500, NULL, '', 0x32303231303432393135313133375f3638, NULL, NULL),
('20210429151222_66', '4', '5', 3000.00, 15000, NULL, '', 0x32303231303432393135313133375f3638, NULL, NULL),
('20210429152023_76', '1', '1', 30000.00, 30000, NULL, '', 0x32303231303432393135313931375f313735, NULL, NULL),
('20210429152032_87', '2', '1', 27500.00, 27500, NULL, '', 0x32303231303432393135313931375f313735, NULL, NULL),
('20210429152035_61', '3', '1', 12500.00, 12500, NULL, '', 0x32303231303432393135313931375f313735, NULL, NULL),
('20210429152045_27', '4', '5', 3000.00, 15000, NULL, '', 0x32303231303432393135313931375f313735, NULL, NULL),
('20210429152131_110', '1', '1', 30000.00, 30000, NULL, '', 0x32303231303432393135323132305f3435, NULL, NULL),
('20210429152136_46', '2', '1', 27500.00, 27500, NULL, '', 0x32303231303432393135323132305f3435, NULL, NULL),
('20210429152142_119', '3', '1', 12500.00, 12500, NULL, '', 0x32303231303432393135323132305f3435, NULL, NULL),
('20210429152149_143', '4', '5', 3000.00, 15000, NULL, '', 0x32303231303432393135323132305f3435, NULL, NULL),
('20210429152234_146', '1', '1', 30000.00, 30000, NULL, '', 0x32303231303432393135323232335f313430, NULL, NULL),
('20210429152243_103', '2', '1', 27500.00, 27500, NULL, '', 0x32303231303432393135323232335f313430, NULL, NULL),
('20210429152247_160', '3', '1', 12500.00, 12500, NULL, '', 0x32303231303432393135323232335f313430, NULL, NULL),
('20210429152353_7', '4', '5', 3000.00, 15000, NULL, '', 0x32303231303432393135323232335f313430, NULL, NULL),
('20210429152507_101', '1', '1', 30000.00, 30000, NULL, '', 0x32303231303432393135323432355f313939, NULL, NULL),
('20210429152513_151', '2', '1', 27500.00, 27500, NULL, '', 0x32303231303432393135323432355f313939, NULL, NULL),
('20210429152517_80', '3', '1', 12500.00, 12500, NULL, '', 0x32303231303432393135323432355f313939, NULL, NULL),
('20210429152525_125', '4', '5', 3000.00, 15000, NULL, '', 0x32303231303432393135323432355f313939, NULL, NULL),
('20210429152658_104', '1', '1', 30000.00, 30000, NULL, '', 0x32303231303432393135323634385f313038, NULL, NULL),
('20210429152701_75', '2', '1', 27500.00, 27500, NULL, '', 0x32303231303432393135323634385f313038, NULL, NULL),
('20210429152703_148', '3', '1', 12500.00, 12500, NULL, '', 0x32303231303432393135323634385f313038, NULL, NULL),
('20210429152707_165', '4', '5', 3000.00, 15000, NULL, '', 0x32303231303432393135323634385f313038, NULL, NULL),
('20210429152806_154', '1', '2', 30000.00, 60000, NULL, '', 0x32303231303432393135323734305f39, NULL, NULL),
('20210429152814_139', '2', '2', 27500.00, 55000, NULL, '', 0x32303231303432393135323734305f39, NULL, NULL),
('20210429152817_134', '3', '2', 12500.00, 25000, NULL, '', 0x32303231303432393135323734305f39, NULL, NULL),
('20210429152823_129', '4', '10', 3000.00, 30000, NULL, '', 0x32303231303432393135323734305f39, NULL, NULL),
('20210429152918_138', '1', '1', 30000.00, 30000, NULL, '', 0x32303231303432393135323835355f313337, NULL, NULL),
('20210429152920_36', '2', '1', 27500.00, 27500, NULL, '', 0x32303231303432393135323835355f313337, NULL, NULL),
('20210429152922_186', '3', '1', 12500.00, 12500, NULL, '', 0x32303231303432393135323835355f313337, NULL, NULL),
('20210429152927_13', '4', '5', 3000.00, 15000, NULL, '', 0x32303231303432393135323835355f313337, NULL, NULL),
('20210429153059_184', '2', '3', 27500.00, 82500, NULL, '', 0x32303231303432393135333033345f313130, NULL, NULL),
('20210429153133_124', '4', '3', 3000.00, 9000, NULL, '', 0x32303231303432393135333132315f3237, NULL, NULL),
('20210429153219_150', '1', '8', 30000.00, 240000, NULL, '', 0x32303231303432393135333230355f313639, NULL, NULL),
('20210429153222_160', '2', '8', 27500.00, 220000, NULL, '', 0x32303231303432393135333230355f313639, NULL, NULL),
('20210429153226_123', '3', '8', 12500.00, 100000, NULL, '', 0x32303231303432393135333230355f313639, NULL, NULL),
('20210429153404_173', '4', '40', 3000.00, 120000, NULL, '', 0x32303231303432393135333230355f313639, NULL, NULL),
('20210430082509_167', '1', '3', 29000.00, 87000, NULL, '', 0x32303231303433303038323433345f313530, NULL, NULL),
('20210430082656_32', '3', '15', 11600.00, 174000, NULL, '', 0x32303231303433303038323632335f3638, NULL, NULL),
('20210430082921_57', '1', '4', 30000.00, 120000, NULL, '', 0x32303231303432393135323432355f313939, NULL, NULL),
('20210430082931_61', '2', '4', 27500.00, 110000, NULL, '', 0x32303231303432393135323432355f313939, NULL, NULL),
('20210430082939_118', '3', '4', 12500.00, 50000, NULL, '', 0x32303231303432393135323432355f313939, NULL, NULL),
('20210430083002_38', '4', '20', 3000.00, 60000, NULL, '', 0x32303231303432393135323432355f313939, NULL, NULL),
('20210430083426_178', '1', '4', 30000.00, 120000, NULL, '', 0x32303231303433303038333431325f313737, NULL, NULL),
('20210430084226_54', '1', '1', 30000.00, 30000, NULL, '', 0x32303231303432393135323634385f313038, NULL, NULL),
('20210430084234_106', '2', '1', 27500.00, 27500, NULL, '', 0x32303231303432393135323634385f313038, NULL, NULL),
('20210430084238_84', '3', '1', 12500.00, 12500, NULL, '', 0x32303231303432393135323634385f313038, NULL, NULL),
('20210430084250_34', '4', '5', 3000.00, 15000, NULL, '', 0x32303231303432393135323634385f313038, NULL, NULL);
